{
    "metadata": {
        "num_episodes": 300
    },
    "episode_rewards": [
        35.5160814705073,
        1.0969892565533215,
        92.27446944279201,
        71.05532272722921,
        -85.14577710948755,
        59.895600646616096,
        11.068980359934157,
        -97.0299,
        -0.07420523186589907,
        3.59128119792669,
        -0.6636851557994549,
        0.0,
        -94.1480149401,
        -58.11664141181095,
        0.787342683360601,
        80.97278682212584,
        -13.533300490703205,
        11.068980359934157,
        -0.13027576406648242,
        8.784500919014835,
        5.31467635277924,
        -0.5708079630967263,
        -23.759255478829303,
        45.20436502664754,
        90.43820750088044,
        -6.432919623726716,
        12.74133376787588,
        -0.7049380236234538,
        97.0299,
        -0.5942227087709081,
        0.0,
        -12.116881635704836,
        -22.823046013534068,
        81.79069375972307,
        0.04226738930091252,
        25.236066308934618,
        1.5751987873315083,
        32.444552986342565,
        -16.216989001100654,
        0.0,
        -80.16305895390458,
        59.29664464014994,
        1.8315022217166756,
        -0.09164218594687476,
        0.6124119562845145,
        -0.8362817674504702,
        20.02770268574893,
        7.184904244991483,
        86.00583546412885,
        -99.0,
        4.346910660022087,
        -99.0,
        -1.053763502857987,
        30.854447063465106,
        -0.09540138101018635,
        55.826613854786366,
        -54.71566423907612,
        6.76444472200646,
        -50.998574624956525,
        9.713262969004905,
        -56.390519045238754,
        -53.6268225207185,
        -94.1480149401,
        6.76444472200646,
        -6.832772446471172,
        44.304798162617246,
        -30.854447063465106,
        0.004317124741065786,
        -0.3857115220993881,
        0.006324951546183772,
        -97.0299,
        -6.432919623726716,
        -87.75210229989679,
        0.3780358628096102,
        0.25544981408702155,
        -34.461218334751756,
        -24.486529903492947,
        -4.479970256613774,
        36.60323412732292,
        -2.0871320158888427,
        -4.953625663766235,
        -85.14577710948755,
        -53.6268225207185,
        -23.2864462948006,
        -41.71208799332204,
        -64.26116020847181,
        -88.63848717161292,
        -1.850002244158258,
        52.03405226503064,
        -22.36886739786474,
        -17.398982847626403,
        0.0,
        0.05656981787940568,
        -83.45137614500875,
        65.56592205741435,
        -28.75836093668641,
        0.6062878367216693,
        83.45137614500875,
        86.00583546412885,
        0.12514237916196438,
        -23.521662924041014,
        73.23033696543975,
        -88.63848717161292,
        -31.16610814491425,
        97.0299,
        92.27446944279201,
        0.03457079094333931,
        -25.49097606963093,
        0.033544003881531184,
        -56.96012024771592,
        -74.71720943315961,
        -82.61686238355867,
        0.3780358628096102,
        -30.854447063465106,
        -77.78213593991467,
        0.0,
        0.018726481518376966,
        -29.34227215252159,
        20.23000271287771,
        -52.03405226503064,
        0.0,
        22.14517872388609,
        -0.5059555431440368,
        -19.432859888279502,
        33.437685688991294,
        47.05866415856499,
        -34.8093114492442,
        72.49803359578534,
        55.26834771623851,
        0.28531095691707925,
        -35.5160814705073,
        68.2554595010387,
        -81.79069375972307,
        -4.710848717170972,
        0.0,
        0.0,
        1.0969892565533215,
        -64.26116020847181,
        52.03405226503064,
        4.092530097630394,
        -31.4809173180952,
        -13.533300490703205,
        80.16305895390458,
        -32.77227574378037,
        95.09900499,
        -8.962861870232462,
        97.0299,
        90.43820750088044,
        17.931568359471054,
        0.37425550418151415,
        -1.639814001862769,
        48.98902730042049,
        -40.068465295154056,
        59.895600646616096,
        -47.05866415856499,
        80.97278682212584,
        0.1833441311168083,
        0.0,
        -16.054819111089646,
        -73.23033696543975,
        -7.184904244991483,
        -20.43434617462395,
        -0.023126882812510477,
        -27.075425951199406,
        17.398982847626403,
        39.27110283578049,
        -91.35172474836408,
        -34.8093114492442,
        -38.87839180742268,
        38.489607889348456,
        -0.10133127190295385,
        82.61686238355867,
        -17.052743088958636,
        -86.87458127689783,
        0.0,
        97.0299,
        62.98236312032323,
        90.43820750088044,
        4.9040894071285726,
        -0.1003179591839243,
        99.0,
        0.01371346551767825,
        23.2864462948006,
        -29.048849430996377,
        -19.238531289396708,
        -69.64132180495734,
        -0.024564387074145478,
        0.20477638506421875,
        -24.733868589386816,
        7.404835256958406,
        80.97278682212584,
        41.294967113388815,
        -62.98236312032323,
        1.6900089579220106,
        -83.45137614500875,
        0.01780869759361274,
        81.79069375972307,
        71.05532272722921,
        -54.16850759668536,
        -18.48045639485463,
        0.0,
        64.91026283684022,
        18.48045639485463,
        -9.237216435585797,
        0.06255079511483568,
        3.415272685621234,
        96.059601,
        3.5553683859474225,
        14.964140560361564,
        6.179436923202584,
        -83.45137614500875,
        70.34476949995691,
        -0.021126806329761293,
        -14.37449371536248,
        -2.0871320158888427,
        1.5751987873315083,
        -15.735328210778961,
        98.00999999999999,
        0.341888858035499,
        6.696800274786396,
        0.1329208897729644,
        -0.26326917175738773,
        -96.059601,
        11.40780353265762,
        25.748460676394874,
        3.6641987531136513,
        66.89717585696803,
        -0.795295639758183,
        -12.116881635704836,
        0.07200126227425,
        -48.98902730042049,
        -66.22820409839835,
        -55.826613854786366,
        16.216989001100654,
        0.0,
        -42.55901233886546,
        89.53382542587164,
        -47.53400420057069,
        -69.64132180495734,
        41.71208799332204,
        2.0871320158888427,
        -17.574730149117578,
        -4.953625663766235,
        73.23033696543975,
        -29.93803913123313,
        0.010454360525852245,
        16.88221565806905,
        -97.0299,
        -8.105851616218128,
        36.60323412732292,
        -69.64132180495734,
        96.059601,
        -56.96012024771592,
        -0.4575771239708106,
        -13.397967485796173,
        -63.618548606387094,
        89.53382542587164,
        90.43820750088044,
        6.629832272038532,
        49.98370298991989,
        -0.04226738930091252,
        87.75210229989679,
        -2.96700384509771,
        0.015627506530626306,
        0.0,
        -95.09900499,
        -86.87458127689783,
        -65.56592205741435,
        0.1608883294984785,
        14.088441290426768,
        80.16305895390458,
        0.25036636278668983,
        -9.713262969004905,
        35.5160814705073,
        2.5775721668980935,
        86.00583546412885,
        -81.79069375972307,
        97.0299,
        -67.57290490602831,
        -10.526490184835904,
        0.0,
        -7.555183406752786,
        -4.133868785485247,
        -52.5596487525562,
        -63.618548606387094,
        -7.041924650516153,
        -0.22871399059538755,
        0.4439866258117536,
        28.470777327319546,
        4.9040894071285726,
        -67.57290490602831,
        82.61686238355867,
        23.759255478829303,
        0.08892032138206664,
        23.521662924041014,
        0.0,
