{"num_iterations": 10, "gamma": 0.95, "you_policy_name": "heuristic_sample", "opp_policy_name": "random", "wins": {"you": 7, "opp": 3, "both": 0, "neither": 0}, "winrates": {"you": 0.7, "opp": 0.3, "both": 0.0, "neither": 0.0}, "average_return": {"you": 2.725470533602921, "opp": -0.2582836697387119}, "outcomes": ["you", "you", "you", "opp", "opp", "you", "you", "you", "opp", "you"], "timesteps": {"you": [24, 41, 11, 34, 28, 4, 65], "opp": [2, 7, 12], "both": [], "neither": []}, "returns": {"you": [31.399781943764182, 13.128887352135743, 61.167363764851544, -94.0, -68.21102687499999, 18.800209333761874, 26.69044818911471, 87.58999999999999, -53.144449381202605, 3.833491008603764], "opp": [-30.73568677250236, -12.715939702231257, -59.87369392383787, 96.0, 76.04747624999999, -18.402591023557584, -24.278708733378735, -85.73749999999998, 60.78087682660895, -3.6670696184882736]}}