{
    "metadata": {
        "num_episodes": 300
    },
    "episode_rewards": [
        63.618548606387094,
        88.63848717161292,
        -11.293725497331044,
        -39.66778064220251,
        -24.486529903492947,
        72.49803359578534,
        -58.11664141181095,
        73.23033696543975,
        2.850092055255518,
        33.7754400898902,
        0.0,
        5.261529589251448,
        0.0,
        97.0299,
        47.53400420057069,
        -37.72366469235042,
        -86.87458127689783,
        -3.7385968300312737,
        0.0,
        0.38185440687839417,
        39.66778064220251,
        -0.08456234086825558,
        -52.5596487525562,
        -6.629832272038532,
        -11.068980359934157,
        13.00003445350054,
        12.487781225895148,
        4.953625663766235,
        51.51371174238033,
        0.0,
        97.0299,
        33.7754400898902,
        -4.479970256613774,
        36.23720178604969,
        10.421225282987544,
        -46.122196741809546,
        1.9649933621386382,
        94.1480149401,
        -88.63848717161292,
        0.6062878367216693,
        -1.262727532529747,
        0.0,
        -20.43434617462395,
        -6.056466128430853,
        62.98236312032323,
        0.0,
        -53.09055429551132,
        -5.31467635277924,
        8.696655909824688,
        -0.011444075691673748,
        -76.23427143471035,
        -48.49913702741628,
        -47.53400420057069,
        95.09900499,
        -99.0,
        53.6268225207185,
        80.97278682212584,
        8.270433237647309,
        -16.054819111089646,
        0.40558944033110234,
        -36.97296376497265,
        97.0299,
        -22.59481555339873,
        11.180788242357734,
        -51.51371174238033,
        92.27446944279201,
        -18.295651830906085,
        14.666354163210368,
        -70.34476949995691,
        -58.703678193748445,
        85.14577710948755,
        0.02583033027183461,
        -1.9848417799380185,
        -91.35172474836408,
        6.696800274786396,
        81.79069375972307,
        0.004404779860285467,
        40.88201744225493,
        0.8114433626754238,
        29.048849430996377,
        86.00583546412885,
        1.301379814397157,
        -0.034225083033905916,
        0.038225869241164195,
        -3.970977861200674,
        -48.49913702741628,
        0.0,
        34.11660615140424,
        -47.05866415856499,
        0.008901446511564404,
        -5.935942452475079,
        -42.55901233886546,
        97.0299,
        2.629907322618196,
        0.11431972175559182,
        -19.04614597650274,
        95.09900499,
        -86.87458127689783,
        -89.53382542587164,
        0.7338548320885216,
        0.268614602344034,
        4.758433047647446,
        -0.6771606527899755,
        -0.02407555577136998,
        -0.004449272586146936,
        -92.27446944279201,
        79.36142836436554,
        -41.71208799332204,
        0.1033887071757513,
        -99.0,
        -69.64132180495734,
        18.667127671570334,
        81.79069375972307,
        1.9649933621386382,
        -1.9453434285172517,
        -48.49913702741628,
        0.0,
        59.29664464014994,
        28.18606955404635,
        9.053395828517639,
        -0.9434747750504199,
        64.26116020847181,
        0.3523541279909585,
        90.43820750088044,
        22.36886739786474,
        91.35172474836408,
        63.618548606387094,
        15.577974928671173,
        -5.31467635277924,
        75.47192872036325,
        0.0,
        -6.056466128430853,
        13.00003445350054,
        50.998574624956525,
        17.931568359471054,
        0.05656981787940568,
        47.53400420057069,
        0.8362817674504702,
        -40.068465295154056,
        98.00999999999999,
        -13.9475568775225,
        88.63848717161292,
        -29.93803913123313,
        -20.23000271287771,
        23.2864462948006,
        -88.63848717161292,
        0.07802945138458811,
        -98.00999999999999,
        0.0,
        0.044894615492216586,
        14.666354163210368,
        0.0,
        12.74133376787588,
        2.5262784807768215,
        -18.112695312597022,
        -12.116881635704836,
        10.213842899856092,
        -96.059601,
        97.0299,
        -67.57290490602831,
        0.0,
        -30.54590259283046,
        3.1514247506815876,
        0.0,
        13.9475568775225,
        -61.1117239532865,
        98.00999999999999,
        -6.76444472200646,
        0.0,
        -30.54590259283046,
        0.0,
        61.729014094228795,
        -31.4809173180952,
        2.907960468580266,
        27.34891510222162,
        -50.48858887870696,
        0.008296729839676737,
        8.438356532646985,
        -56.96012024771592,
        -5.0542043299318795,
        92.27446944279201,
        66.89717585696803,
        -80.97278682212584,
        64.91026283684022,
        28.470777327319546,
        -80.97278682212584,
        -73.97003733882802,
        -14.964140560361564,
        -3.1514247506815876,
        4.133868785485247,
        0.27963326887442935,
        7.63149839065938,
        45.20436502664754,
        76.23427143471035,
        94.1480149401,
        -78.56781408072187,
        97.0299,
        71.77305325982749,
        1.1535233798383842,
        0.0,
        -24.98370564584527,
        -14.666354163210368,
        3.215411438303834,
        38.104711810454965,
        82.61686238355867,
        1.559446799458193,
        52.5596487525562,
        58.703678193748445,
        -2.2392550271025806,
        33.437685688991294,
        0.0,
        0.0,
        -87.75210229989679,
        -36.23720178604969,
        69.64132180495734,
        87.75210229989679,
        69.64132180495734,
        -65.56592205741435,
        -4.953625663766235,
        -86.87458127689783,
        -0.1329208897729644,
        -15.894270919978752,
        33.437685688991294,
        83.45137614500875,
        -68.94490858690777,
        89.53382542587164,
        -36.60323412732292,
        -92.27446944279201,
        0.0,
        -97.0299,
        -12.362903413636197,
        26.536624974770533,
        -0.5267100194847122,
        97.0299,
        -0.00917392114344589,
        -89.53382542587164,
        -0.48601887598154453,
        0.338469969455144,
        -10.31701303015767,
        -34.11660615140424,
        97.0299,
        -27.075425951199406,
        90.43820750088044,
        0.11204475929265555,
        27.34891510222162,
        0.7487550577374978,
        -8.962861870232462,
        0.0,
        -93.206534790699,
        0.20070133500144077,
        34.8093114492442,
        0.0,
        2.172746913542607,
        10.958290556334816,
        1.3145250650476332,
        -0.02029432586441144,
        -0.14550452127653424,
        10.526490184835904,
        52.03405226503064,
        6.629832272038532,
        0.014712987183219159,
        -66.22820409839835,
        74.71720943315961,
        -77.78213593991467,
        -0.3780358628096102,
        0.3488305867110489,
        -3.2478903417210443,
        -1.14198814604,
        -80.97278682212584,
        -85.14577710948755,
        58.703678193748445,
        7.865099717364833,
        -87.75210229989679,
        -63.618548606387094,
        97.0299,
        66.22820409839835,
        93.206534790699,
        -0.30919815485253516,
        62.35253948912,
        -2.1946938520632395,
        -28.470777327319546,
        -4.479970256613774,
        -88.63848717161292,
        0.0,
        73.23033696543975,
        -93.206534790699,
        -20.849246173476125,
        -20.43434617462395,
        83.45137614500875,
        -0.4715836293460167,
        -6.1176425539705575,
        -23.999247958413438,
        26.008546137772605,
        96.059601,
        0.15454868737180377,
        -0.6703890462620756,
        -65.56592205741435,
        90.43820750088044,
        21.27257032290187,
        -3.280697314869742
    ],