{
    "num_iterations": 10,
    "gamma": 0.95,
    "you_policy_name": "heuristic_sample",
    "opp_policy_name": "random",
    "wins": {
        "you": 10,
        "opp": 0,
        "both": 0,
        "neither": 0
    },
    "winrates": {
        "you": 1.0,
        "opp": 0.0,
        "both": 0.0,
        "neither": 0.0
    },
    "average_return": {
        "you": 51.22924775112182,
        "opp": -48.448815940864456
    },
    "outcomes": [
        "you",
        "you",
        "you",
        "you",
        "you",
        "you",
        "you",
        "you",
        "you",
        "you"
    ],
    "timesteps": {
        "you": [
            38,
            15,
            9,
            15,
            9,
            52,
            53,
            6,
            6,
            5
        ],
        "opp": [],
        "both": [],
        "neither": []
    },
    "returns": {
        "you": [
            15.31288800365738,
            50.4514494922197,
            67.77547231562498,
            52.66787245845222,
            67.77547231562498,
            7.467712337382055,
            7.581160588256876,
            79.04997499999998,
            80.99997499999998,
            83.21049999999998
        ],
        "opp": [
            -14.831246190093319,
            -48.76749791155295,
            -65.64370583281247,
            -43.57309044793318,
            -65.43954312890622,
            -7.30977265128775,
            -6.240871996058704,
            -75.57071874999998,
            -76.56358749999998,
            -80.54812499999998
        ]
    }
}