{
    "metadata": {
        "num_episodes": 10
    },
    "episode_rewards": [
        85.14577710948755,
        0.9801,
        71.05532272722921,
        0.0,
        0.0,
        0.0,
        0.01237599254632405,
        86.00583546412885,
        0.051677504319845524,
        20.64075371174136
    ],
    "episode_timesteps": [
        16,
        2,
        34,
        335,
        14,
        114,
        437,
        15,
        753,
        157
    ]
}