{
    "metadata": {
        "num_episodes": 300
    },
    "episode_rewards": [
        97.0299,
        81.79069375972307,
        87.75210229989679,
        -69.64132180495734,
        32.444552986342565,
        90.43820750088044,
        92.27446944279201,
        92.27446944279201,
        86.00583546412885,
        86.87458127689783,
        -84.29431933839268,
        93.206534790699,
        91.35172474836408,
        77.00431458051551,
        91.35172474836408,
        88.63848717161292,
        85.14577710948755,
        72.49803359578534,
        -92.27446944279201,
        84.29431933839268,
        -95.09900499,
        86.00583546412885,
        62.98236312032323,
        36.97296376497265,
        83.45137614500875,
        -93.206534790699,
        82.61686238355867,
        95.09900499,
        94.1480149401,
        96.059601,
        77.00431458051551,
        -93.206534790699,
        72.49803359578534,
        55.826613854786366,
        81.79069375972307,
        91.35172474836408,
        62.35253948912,
        57.535474997692845,
        94.1480149401,
        66.89717585696803,
        71.77305325982749,
        51.51371174238033,
        93.206534790699,
        88.63848717161292,
        93.206534790699,
        36.97296376497265,
        92.27446944279201,
        77.78213593991467,
        -86.00583546412885,
        78.56781408072187,
        64.91026283684022,
        62.98236312032323,
        40.88201744225493,
        94.1480149401,
        76.23427143471035,
        93.206534790699,
        -89.53382542587164,
        73.97003733882802,
        77.00431458051551,
        85.14577710948755,
        95.09900499,
        68.2554595010387,
        91.35172474836408,
        73.23033696543975,
        76.23427143471035,
        49.98370298991989,
        34.8093114492442,
        -93.206534790699,
        96.059601,
        42.1334222154768,
        64.26116020847181,
        94.1480149401,
        67.57290490602831,
        82.61686238355867,
        68.2554595010387,
        60.50060671375363,
        -93.206534790699,
        90.43820750088044,
        95.09900499,
        -99.0,
        96.059601,
        -99.0,
        86.87458127689783,
        51.51371174238033,
        53.6268225207185,
        87.75210229989679,
        68.2554595010387,
        -98.00999999999999,
        73.97003733882802,
        -93.206534790699,
        81.79069375972307,
        31.16610814491425,
        83.45137614500875,
        85.14577710948755,
        -89.53382542587164,
        -85.14577710948755,
        66.22820409839835,
        67.57290490602831,
        78.56781408072187,
        -15.735328210778961,
        84.29431933839268,
        95.09900499,
        -95.09900499,
        80.97278682212584,
        53.6268225207185,
        95.09900499,
        65.56592205741435,
        73.23033696543975,
        93.206534790699,
        96.059601,
        54.71566423907612,
        90.43820750088044,
        92.27446944279201,
        30.854447063465106,
        54.16850759668536,
        61.1117239532865,
        94.1480149401,
        80.97278682212584,
        49.98370298991989,
        71.05532272722921,
        62.98236312032323,
        53.6268225207185,
        60.50060671375363,
        94.1480149401,
        95.09900499,
        86.87458127689783,
        84.29431933839268,
        90.43820750088044,
        88.63848717161292,
        94.1480149401,
        -87.75210229989679,
        73.97003733882802,
        71.05532272722921,
        82.61686238355867,
        50.48858887870696,
        94.1480149401,
        77.78213593991467,
        -80.16305895390458,
        86.87458127689783,
        94.1480149401,
        36.23720178604969,
        65.56592205741435,
        95.09900499,
        62.35253948912,
        80.97278682212584,
        78.56781408072187,
        -88.63848717161292,
        49.483865960020694,
        73.97003733882802,
        -69.64132180495734,
        75.47192872036325,
        86.00583546412885,
        -93.206534790699,
        85.14577710948755,
        72.49803359578534,
        68.94490858690777,
        -89.53382542587164,
        76.23427143471035,
        81.79069375972307,
        -79.36142836436554,
        -85.14577710948755,
        95.09900499,
        48.98902730042049,
        -86.00583546412885,
        95.09900499,
        86.00583546412885,
        95.09900499,
        84.29431933839268,
        25.49097606963093,
        90.43820750088044,
        96.059601,
        72.49803359578534,
        86.87458127689783,
        90.43820750088044,
        74.71720943315961,
        94.1480149401,
        60.50060671375363,
        89.53382542587164,
        95.09900499,
        80.97278682212584,
        95.09900499,
        59.895600646616096,
        46.122196741809546,
        95.09900499,
        88.63848717161292,
        92.27446944279201,
        43.423132679181165,
        46.122196741809546,
        81.79069375972307,
        71.05532272722921,
        82.61686238355867,
        44.75232137638106,
        74.71720943315961,
        50.998574624956525,
        79.36142836436554,
        88.63848717161292,
        68.2554595010387,
        94.1480149401,
        59.895600646616096,
        -98.00999999999999,
        59.895600646616096,
        77.78213593991467,
        71.05532272722921,
        76.23427143471035,
        64.26116020847181,
        91.35172474836408,
        59.29664464014994,
        87.75210229989679,
        80.97278682212584,
        73.97003733882802,
        94.1480149401,
        65.56592205741435,
        86.00583546412885,
        66.89717585696803,
        66.89717585696803,
        94.1480149401,
        61.729014094228795,
        45.20436502664754,
        64.91026283684022,
        53.6268225207185,
        91.35172474836408,
        69.64132180495734,
        67.57290490602831,
        83.45137614500875,
        68.94490858690777,
        80.97278682212584,
        -94.1480149401,
        -86.00583546412885,
        95.09900499,
        36.60323412732292,
        40.88201744225493,
        -92.27446944279201,
        99.0,
        71.77305325982749,
        48.49913702741628,
        67.57290490602831,
        73.97003733882802,
        83.45137614500875,
        -92.27446944279201,
        64.91026283684022,
        90.43820750088044,
        88.63848717161292,
        96.059601,
        77.00431458051551,
        96.059601,
        55.26834771623851,
        92.27446944279201,
        71.77305325982749,
        95.09900499,
        -59.29664464014994,
        -94.1480149401,
        66.22820409839835,
        94.1480149401,
        80.97278682212584,
        52.5596487525562,
        46.58807751697934,
        39.27110283578049,
        95.09900499,
        -99.0,
        79.36142836436554,
        60.50060671375363,
        37.34642804542692,
        -92.27446944279201,
        50.998574624956525,
        89.53382542587164,
        65.56592205741435,
        -86.87458127689783,
        56.96012024771592,
        92.27446944279201,
        77.00431458051551,
        93.206534790699,
        39.27110283578049,
        46.122196741809546,
        84.29431933839268,
        51.51371174238033,
        93.206534790699,
        73.23033696543975,
        -91.35172474836408,
        -66.89717585696803,
        94.1480149401,
        80.97278682212584,
        85.14577710948755,
        -91.35172474836408,
        93.206534790699,
        -89.53382542587164,
        80.16305895390458,
        79.36142836436554,
        93.206534790699,
        -91.35172474836408,
        55.26834771623851,
        89.53382542587164,
        91.35172474836408,
        87.75210229989679,
        68.94490858690777,
        76.23427143471035,
        -93.206534790699,
        61.1117239532865,
        71.05532272722921,
        80.97278682212584,
        73.97003733882802
    ],