{
    "metadata": {
        "num_episodes": 100,
        "batch_size": 128,
        "gamma": 0.99,
        "eps_start": 0.9,
        "eps_end": 0.05,
        "eps_decay": 1000,
        "tau": 0.005,
        "learning_rate": 0.0001
    },
    "episode_rewards": [
        5.4773594044508345,
        0.0,
        0.3244455298634257,
        94.1480149401,
        0.9801,
        0.8705863430043502,
        95.09900499,
        0.0,
        0.0,
        31.16610814491425,
        2.0662606957299543,
        0.031832573239207955,
        0.02850092055255518,
        63.618548606387094,
        1.7417403892223022,
        0.0,
        12.613920430197117,
        28.470777327319546,
        0.3350852697605926,
        3.5553683859474225,
        0.0,
        0.5048858887870696,
        33.7754400898902,
        0.34116606151404244,
        99.0,
        4.479970256613774,
        0.0,
        21.27257032290187,
        48.01414565714212,
        33.437685688991294,
        68.2554595010387,
        36.23720178604969,
        86.00583546412885,
        80.16305895390458,
        0.0,
        2.0251421078849283,
        65.56592205741435,
        0.9801,
        0.0,
        13.00003445350054,
        0.194740304650563,
        72.49803359578534,
        86.87458127689783,
        50.48858887870696,
        12.239274379499834,
        44.75232137638106,
        79.36142836436554,
        75.47192872036325,
        0.17611964080772288,
        46.58807751697934,
        58.11664141181095,
        2.765441471122374,
        0.0,
        0.0,
        1.301379814397157,
        62.35253948912,
        42.1334222154768,
        0.5538543957847905,
        93.206534790699,
        23.521662924041014,
        0.0,
        0.0,
        93.206534790699,
        36.97296376497265,
        43.423132679181165,
        30.240443566902155,
        0.0,
        9.144844271229937,
        82.61686238355867,
        57.535474997692845,
        1.0644075786444311,
        91.35172474836408,
        59.895600646616096,
        0.1608883294984785,
        0.2498370564584527,
        58.703678193748445,
        0.0,
        6.056466128430853,
        0.0,
        46.122196741809546,
        0.0,
        41.294967113388815,
        5.31467635277924,
        68.94490858690777,
        0.7936142836436554,
        0.009842572909771287,
        92.27446944279201,
        6.2418554779824085,
        0.0,
        95.09900499,
        0.15300320049808572,
        0.03415272685621234,
        0.0,
        0.0,
        86.87458127689783,
        0.5267100194847122,
        0.04964120445640137,
        0.0,
        60.50060671375363,
        33.7754400898902
    ],
    "episode_timesteps": [
        289,
        3,
        112,
        6,
        2,
        472,
        5,
        209,
        73,
        116,
        386,
        343,
        354,
        45,
        403,
        438,
        206,
        125,
        567,
        332,
        618,
        68,
        108,
        107,
        1,
        309,
        535,
        154,
        73,
        109,
        38,
        101,
        15,
        22,
        1002,
        388,
        42,
        2,
        32,
        203,
        621,
        32,
        14,
        68,
        209,
        80,
        23,
        28,
        631,
        76,
        54,
        357,
        224,
        39,
        432,
        47,
        86,
        517,
        7,
        144,
        294,
        96,
        7,
        99,
        83,
        119,
        43,
        238,
        19,
        55,
        452,
        9,
        51,
        640,
        138,
        53,
        331,
        279,
        44,
        77,
        14,
        88,
        292,
        37,
        23,
        918,
        8,
        276,
        483,
        5,
        645,
        336,
        17,
        335,
        14,
        522,
        757,
        5,
        50,
        108
    ]
}