{
    "metadata": {
        "num_episodes": 300
    },
    "episode_rewards": [
        44.75232137638106,
        -90.43820750088044,
        85.14577710948755,
        11.068980359934157,
        9.42476934556249,
        -89.53382542587164,
        0.0,
        -0.2453840721672347,
        13.9475568775225,
        1.9066310942897582,
        64.91026283684022,
        -0.18895632286213662,
        -83.45137614500875,
        -71.05532272722921,
        -10.213842899856092,
        0.4307997790385187,
        -81.79069375972307,
        58.11664141181095,
        1.4103357323598398,
        -58.11664141181095,
        1.1651751311498828,
        -37.34642804542692,
        -38.104711810454965,
        95.09900499,
        8.105851616218128,
        -5.645022209082803,
        0.26326917175738773,
        84.29431933839268,
        1.5751987873315083,
        -47.05866415856499,
        -43.423132679181165,
        -0.011104175199555345,
        0.0,
        1.4830183896331421,
        36.60323412732292,
        0.0,
        -62.98236312032323,
        -1.2501002572044495,
        0.194740304650563,
        13.131347932828827,
        8.270433237647309,
        59.895600646616096,
        0.1561097852240442,
        6.3685904274894485,
        3.313835671585598,
        15.267973227590618,
        1.5911098861934425,
        -12.116881635704836,
        11.523033871371334,
        0.0,
        21.27257032290187,
        5.645022209082803,
        88.63848717161292,
        86.87458127689783,
        -15.577974928671173,
        97.0299,
        66.89717585696803,
        95.09900499,
        -74.71720943315961,
        0.15454868737180377,
        -8.105851616218128,
        -16.88221565806905,
        0.20684483339820076,
        -14.666354163210368,
        0.1276832763615594,
        13.00003445350054,
        17.398982847626403,
        61.729014094228795,
        0.3975182104685134,
        8.523592457219175,
        49.483865960020694,
        -9.144844271229937,
        -20.43434617462395,
        97.0299,
        26.536624974770533,
        28.18606955404635,
        -0.5823976768663671,
        -5.10525689892109,
        92.27446944279201,
        48.01414565714212,
        -0.6840006593838136,
        -28.18606955404635,
        -18.48045639485463,
        36.23720178604969,
        -0.012527487273171257,
        0.366807819648302,
        15.894270919978752,
        -83.45137614500875,
        -24.733868589386816,
        0.0,
        78.56781408072187,
        -88.63848717161292,
        0.1625134641398773,
        -16.380796970808742,
        1.9848417799380185,
        -68.94490858690777,
        0.8793801444488386,
        -7.404835256958406,
        87.75210229989679,
        0.338469969455144,
        78.56781408072187,
        -5.003662286632561,
        -0.006993671945700824,
        -1.2501002572044495,
        -14.088441290426768,
        73.97003733882802,
        -2.0251421078849283,
        15.267973227590618,
        -48.49913702741628,
        -10.31701303015767,
        8.438356532646985,
        9.144844271229937,
        -94.1480149401,
        60.50060671375363,
        -23.2864462948006,
        0.22642685068943366,
        0.19279290160405738,
        -0.009360188902607786,
        -14.814499154757947,
        28.470777327319546,
        -60.50060671375363,
        4.617102827699269,
        -78.56781408072187,
        -5.588571986991974,
        -3.89195540176278,
        -36.97296376497265,
        2.7933752233559335,
        0.1708887113560927,
        18.112695312597022,
        -50.48858887870696,
        97.0299,
        78.56781408072187,
        -49.483865960020694,
        -8.353972967320516,
        59.29664464014994,
        79.36142836436554,
        17.574730149117578,
        -83.45137614500875,
        36.60323412732292,
        8.438356532646985,
        78.56781408072187,
        -14.37449371536248,
        -58.703678193748445,
        0.8196397602782058,
        21.92372693664723,
        -84.29431933839268,
        -75.47192872036325,
        -0.9723546814439878,
        31.79890638191435,
        -86.00583546412885,
        0.08541650592753089,
        -96.059601,
        84.29431933839268,
        35.5160814705073,
        21.48744477060795,
        -95.09900499,
        58.703678193748445,
        -39.27110283578049,
        -2.6833050939885683,
        64.91026283684022,
        38.87839180742268,
        -0.06916412525560807,
        -47.05866415856499,
        98.00999999999999,
        59.29664464014994,
        -0.4096863033647498,
        0.17611964080772288,
        0.0,
        -80.16305895390458,
        0.0,
        -1.6900089579220106,
        0.0,
        13.9475568775225,
        -95.09900499,
        95.09900499,
        83.45137614500875,
        -87.75210229989679,
        22.823046013534068,
        4.663740229999262,
        87.75210229989679,
        3.5553683859474225,
        -58.703678193748445,
        -16.380796970808742,
        97.0299,
        -8.024793100055946,
        -0.004870485585688533,
        47.53400420057069,
        -0.06778775916302146,
        -92.27446944279201,
        -25.236066308934618,
        -1.1305682645796,
        25.49097606963093,
        -3.59128119792669,
        47.53400420057069,
        32.77227574378037,
        -58.11664141181095,
        59.895600646616096,
        30.854447063465106,
        -84.29431933839268,
        -4.011088748687549,
        66.22820409839835,
        -83.45137614500875,
        54.16850759668536,
        16.88221565806905,
        -95.09900499,
        11.40780353265762,
        29.93803913123313,
        52.5596487525562,
        -88.63848717161292,
        20.02770268574893,
        0.0,
        8.523592457219175,
        -4.303441553421867,
        -31.16610814491425,
        -4.953625663766235,
        -0.0054947751717138275,
        -20.64075371174136,
        11.068980359934157,
        24.24166460445802,
        71.77305325982749,
        0.0,
        95.09900499,
        -92.27446944279201,
        -2.2392550271025806,
        0.0,
        95.09900499,
        -35.874829768189194,
        -66.22820409839835,
        95.09900499,
        -24.98370564584527,
        4.303441553421867,
        77.78213593991467,
        96.059601,
        -31.16610814491425,
        0.005225476514737414,
        33.10330883210138,
        36.60323412732292,
        17.052743088958636,
        -24.24166460445802,
        -20.849246173476125,
        -71.05532272722921,
        -3.8145054892677015,
        -95.09900499,
        -93.206534790699,
        3.415272685621234,
        0.012278190276435147,
        93.206534790699,
        -0.21750472932913573,
        -46.58807751697934,
        -71.77305325982749,
        93.206534790699,
        87.75210229989679,
        0.0,
        91.35172474836408,
        -92.27446944279201,
        -92.27446944279201,
        20.23000271287771,
        -56.96012024771592,
        2.1946938520632395,
        79.36142836436554,
        -99.0,
        -2.8788808638944627,
        -43.423132679181165,
        93.206534790699,
        0.0,
        94.1480149401,
        -47.05866415856499,
        0.060086044209638645,
        90.43820750088044,
        7.404835256958406,
        28.18606955404635,
        0.27683693618568506,
        -0.6185979356409238,
        1.2129710294652203,
        91.35172474836408,
        58.11664141181095,
        73.97003733882802,
        1.2129710294652203,
        68.2554595010387,
        -51.51371174238033,
        91.35172474836408,
        5.31467635277924,
        -0.05379733392796991,
        74.71720943315961,
        -46.122196741809546,
        -2.5775721668980935,
        0.5267100194847122,
        22.823046013534068,
        -83.45137614500875,
        7.944545169055386,
        -54.16850759668536,
        62.98236312032323,
        0.0,
        -82.61686238355867,
        -92.27446944279201,
        -4.710848717170972,
        -94.1480149401,
