{
    "metadata": {
        "num_episodes": 10
    },
    "episode_rewards": [
        2.710409185847039,
        0.9062981044490808,
        41.71208799332204,
        42.1334222154768,
        68.94490858690777,
        14.088441290426768,
        0.0,
        89.53382542587164,
        21.704489667280757,
        80.97278682212584
    ],
    "episode_timesteps": [
        359,
        468,
        87,
        86,
        37,
        195,
        601,
        11,
        152,
        21
    ]
}