{
    "metadata": {
        "num_episodes": 100,
        "batch_size": 128,
        "gamma": 0.99,
        "eps_start": 0.9,
        "eps_end": 0.05,
        "eps_decay": 1000,
        "tau": 0.005,
        "learning_rate": 0.0001
    },
    "episode_rewards": [
        0.0,
        0.0,
        31.4809173180952,
        76.23427143471035,
        0.6978886433872192,
        89.53382542587164,
        0.020251421078849283,
        99.0,
        44.75232137638106,
        0.0,
        74.71720943315961,
        0.0,
        97.0299,
        0.0,
        20.23000271287771,
        84.29431933839268,
        0.0,
        74.71720943315961,
        0.0,
        0.2333578110349837,
        0.0,
        80.97278682212584,
        0.0,
        38.87839180742268,
        0.0,
        0.0,
        49.98370298991989,
        79.36142836436554,
        5.645022209082803,
        5.208914293358933,
        0.0,
        0.0,
        50.48858887870696,
        89.53382542587164,
        5.7020426354371745,
        4.479970256613774,
        43.86175018099108,
        86.00583546412885,
        8.873233251530138,
        65.56592205741435,
        26.80467169168741,
        83.45137614500875,
        0.0,
        0.0,
        95.09900499,
        45.20436502664754,
        77.78213593991467,
        19.62915140230253,
        94.1480149401,
        72.49803359578534,
        0.0,
        58.703678193748445,
        18.112695312597022,
        0.0,
        63.618548606387094,
        31.79890638191435,
        0.0,
        32.12010745647914,
        38.87839180742268,
        0.8953382542587164,
        0.0,
        20.849246173476125,
        10.740220574263752,
        0.0,
        30.854447063465106,
        48.98902730042049,
        9.053395828517639,
        93.206534790699,
        6.832772446471172,
        87.75210229989679,
        76.23427143471035,
        87.75210229989679,
        55.826613854786366,
        89.53382542587164,
        0.0,
        0.7177305325982749,
        0.0,
        48.49913702741628,
        0.9320653479069899,
        0.002357149606413977,
        13.397967485796173,
        0.0,
        41.294967113388815,
        80.16305895390458,
        0.7397003733882802,
        68.2554595010387,
        57.535474997692845,
        27.075425951199406,
        22.36886739786474,
        0.23053581831852593,
        85.14577710948755,
        73.23033696543975,
        80.97278682212584,
        0.2818606955404635,
        0.0,
        96.059601,
        0.0,
        0.3244455298634257,
        99.0,
        67.57290490602831
    ],
    "episode_timesteps": [
        54,
        155,
        115,
        27,
        494,
        11,
        388,
        1,
        80,
        102,
        29,
        156,
        3,
        146,
        159,
        17,
        117,
        29,
        787,
        603,
        351,
        21,
        464,
        94,
        1002,
        29,
        69,
        23,
        286,
        294,
        303,
        620,
        68,
        11,
        285,
        309,
        82,
        15,
        241,
        42,
        131,
        18,
        36,
        36,
        5,
        79,
        25,
        162,
        6,
        32,
        6,
        53,
        170,
        61,
        45,
        114,
        392,
        113,
        94,
        11,
        116,
        156,
        222,
        299,
        117,
        71,
        239,
        7,
        267,
        13,
        27,
        13,
        58,
        11,
        34,
        33,
        390,
        72,
        7,
        602,
        200,
        51,
        88,
        22,
        30,
        38,
        55,
        130,
        149,
        146,
        16,
        31,
        21,
        126,
        70,
        4,
        204,
        112,
        1,
        39
    ]
}