{
    "metadata": {
        "num_episodes": 300
    },
    "episode_rewards": [
        0.43515129195809965,
        -1.2501002572044495,
        98.00999999999999,
        -0.7639578183221077,
        -0.03003322987613774,
        97.0299,
        -87.75210229989679,
        -55.826613854786366,
        -7.257479035344932,
        47.05866415856499,
        -97.0299,
        1.032793609151113,
        20.64075371174136,
        9.237216435585797,
        -98.00999999999999,
        -0.08541650592753089,
        -48.98902730042049,
        -0.6636851557994549,
        -52.03405226503064,
        94.1480149401,
        66.22820409839835,
        1.528413808148975,
        -94.1480149401,
        17.052743088958636,
        -98.00999999999999,
        33.10330883210138,
        91.35172474836408,
        38.489607889348456,
        0.14260898130313118,
        95.09900499,
        0.1796955829075838,
        0.4715836293460167,
        33.437685688991294,
        0.2911039250250783,
        20.64075371174136,
        0.23809591983979567,
        68.2554595010387,
        66.89717585696803,
        27.075425951199406,
        94.1480149401,
        10.958290556334816,
        2.451245483619269,
        -1.0021186061657157,
        85.14577710948755,
        71.77305325982749,
        80.16305895390458,
        -31.4809173180952,
        9.713262969004905,
        92.27446944279201,
        0.0,
        -0.4015335459277913,
        0.31547612983627704,
        27.904208858505886,
        41.71208799332204,
        2.996973580906778,
        87.75210229989679,
        10.632818368521114,
        0.08287955028497729,
        -58.11664141181095,
        -2.937333806646733,
        99.0,
        85.14577710948755,
        11.180788242357734,
        -96.059601,
        57.535474997692845,
        2.907960468580266,
        0.8618804795743068,
        -94.1480149401,
        36.60323412732292,
        -59.895600646616096,
        97.0299,
        -1.2501002572044495,
        30.240443566902155,
        30.854447063465106,
        7.786448720191184,
        -63.618548606387094,
        47.53400420057069,
        1.3547628772652898,
        69.64132180495734,
        92.27446944279201,
        91.35172474836408,
        0.23102423292463387,
        0.0,
        2.850092055255518,
        14.519690621578263,
        -72.49803359578534,
        73.97003733882802,
        0.3780358628096102,
        0.0,
        0.09931477959208507,
        0.20477638506421875,
        -8.873233251530138,
        5.4773594044508345,
        92.27446944279201,
        65.56592205741435,
        2.0871320158888427,
        -92.27446944279201,
        0.0,
        97.0299,
        2.937333806646733,
        33.10330883210138,
        -98.00999999999999,
        95.09900499,
        0.3030451115709697,
        5.10525689892109,
        66.89717585696803,
        85.14577710948755,
        -68.94490858690777,
        99.0,
        -9.237216435585797,
        0.4138245488532827,
        23.759255478829303,
        9.330521652106865,
        96.059601,
        -0.06916412525560807,
        97.0299,
        -67.57290490602831,
        0.006854497873981378,
        -9.237216435585797,
        96.059601,
        -80.97278682212584,
        83.45137614500875,
        24.24166460445802,
        3.088711398143024,
        7.786448720191184,
        0.0,
        -0.12514237916196438,
        0.0,
        52.5596487525562,
        95.09900499,
        40.473197267832376,
        -2.2168624768315546,
        3.313835671585598,
        -0.05600411970061162,
        37.34642804542692,
        0.3857115220993881,
        93.206534790699,
        -3.0578242841615935,
        19.04614597650274,
        85.14577710948755,
        3.313835671585598,
        85.14577710948755,
        95.09900499,
        89.53382542587164,
        0.021340208413900292,
        32.444552986342565,
        9.81137673636859,
        43.86175018099108,
        -84.29431933839268,
        93.206534790699,
        43.423132679181165,
        -64.91026283684022,
        84.29431933839268,
        8.962861870232462,
        0.1708887113560927,
        83.45137614500875,
        90.43820750088044,
        71.05532272722921,
        0.0,
        1.0021186061657157,
        59.895600646616096,
        -15.894270919978752,
        4.346910660022087,
        86.87458127689783,
        6.563533949318147,
        90.43820750088044,
        67.57290490602831,
        1.528413808148975,
        30.240443566902155,
        2.996973580906778,
        30.854447063465106,
        8.873233251530138,
        90.43820750088044,
        90.43820750088044,
        0.008050308666708498,
        -78.56781408072187,
        3.701210861730961,
        11.756998134242766,
        -2.937333806646733,
        89.53382542587164,
        96.059601,
        -75.47192872036325,
        1.6900089579220106,
        2.656472043048683,
        -95.09900499,
        94.1480149401,
        75.47192872036325,
        0.0,
        -24.98370564584527,
        97.0299,
        72.49803359578534,
        47.05866415856499,
        0.0,
        -91.35172474836408,
        99.0,
        -69.64132180495734,
        28.75836093668641,
        94.1480149401,
        57.535474997692845,
        0.060086044209638645,
        -80.16305895390458,
        23.999247958413438,
        -3.5198147020879484,
        43.423132679181165,
        0.0,
        0.0,
        25.748460676394874,
        0.0,
        6.832772446471172,
        -28.470777327319546,
        97.0299,
        24.733868589386816,
        18.295651830906085,
        -45.20436502664754,
        -26.27125872502283,
        -5.532686267122055,
        39.66778064220251,
        61.729014094228795,
        93.206534790699,
        10.421225282987544,
        9.144844271229937,
        17.752252675876342,
        -88.63848717161292,
        1.6234158618441412,
        25.748460676394874,
        -2.1946938520632395,
        89.53382542587164,
        11.180788242357734,
        -0.40558944033110234,
        -25.236066308934618,
        10.526490184835904,
        83.45137614500875,
        64.91026283684022,
        70.34476949995691,
        92.27446944279201,
        -95.09900499,
        5.995901467146544,
        91.35172474836408,
        94.1480149401,
        0.7563182401388866,
        -29.6386587399208,
        97.0299,
        0.0,
        96.059601,
        11.068980359934157,
        90.43820750088044,
        -2.907960468580266,
        0.005662971075631148,
        -90.43820750088044,
        2.307798964136396,
        89.53382542587164,
        0.0,
        0.9246996270269165,
        -95.09900499,
        6.3685904274894485,
        48.98902730042049,
        -12.613920430197117,
        69.64132180495734,
        7.63149839065938,
        63.618548606387094,
        -99.0,
        -66.22820409839835,
        -54.16850759668536,
        8.024793100055946,
        11.995712819347787,
        74.71720943315961,
        30.240443566902155,
        71.77305325982749,
        -0.00955023865177817,
        92.27446944279201,
        2.4024656984952455,
        59.895600646616096,
        92.27446944279201,
        13.131347932828827,
        52.5596487525562,
        39.27110283578049,
        27.34891510222162,
        0.690909756953347,
        0.844729058030778,
        95.09900499,
        88.63848717161292,
        46.122196741809546,
        11.756998134242766,
        96.059601,
        -70.34476949995691,
        0.0,
        1.2883660162531854,
        95.09900499,
        10.632818368521114,
        61.1117239532865,
        93.206534790699,
        33.437685688991294,
        58.703678193748445,
        49.98370298991989,
        0.028849800786430707,
        63.618548606387094,
        10.010587426148955,
        7.479631572685258,
        14.37449371536248,
        -31.79890638191435
    ],