{
    "metadata": {
        "num_episodes": 10
    },
    "episode_rewards": [
        68.94490858690777,
        0.0,
        0.0,
        51.51371174238033,
        29.34227215252159,
        60.50060671375363,
        83.45137614500875,
        7.479631572685258,
        0.6556592205741436,
        1.925889994232079
    ],
    "episode_timesteps": [
        37,
        881,
        34,
        66,
        122,
        50,
        18,
        258,
        42,
        393
    ]
}