{
    "metadata": {
        "num_episodes": 10
    },
    "episode_rewards": [
        7.63149839065938,
        0.0,
        0.0,
        0.0,
        0.0,
        44.304798162617246,
        0.0,
        61.1117239532865,
        0.0001371346551767825,
        0.1274133376787588
    ],
    "episode_timesteps": [
        256,
        5,
        925,
        111,
        5,
        81,
        1,
        49,
        885,
        205
    ]
}