{
    "metadata": {
        "num_episodes": 10
    },
    "episode_rewards": [
        0.0,
        0.0,
        0.0,
        28.75836093668641,
        0.0,
        0.0,
        70.34476949995691,
        93.206534790699,
        83.45137614500875,
        20.849246173476125
    ],
    "episode_timesteps": [
        3,
        1002,
        17,
        124,
        27,
        28,
        35,
        7,
        18,
        156
    ]
}