{
    "metadata": {
        "num_episodes": 10,
        "batch_size": 128,
        "gamma": 0.99,
        "eps_start": 0.9,
        "eps_end": 0.05,
        "eps_decay": 1000,
        "tau": 0.005,
        "learning_rate": 0.0001
    },
    "episode_rewards": [
        0.3660323412732292,
        34.11660615140424,
        0.46588077516979337,
        1.4830183896331421,
        0.0,
        0.0,
        0.0,
        0.0,
        2.6036082493920136,
        0.7249803359578534
    ],
    "episode_timesteps": [
        100,
        107,
        76,
        419,
        284,
        29,
        190,
        83,
        363,
        32
    ]
}